Wild_type__Lmax454,M,K,T,L,I,L,A,V,A,L,V,Y,C,A,T,V,H,C,Q,D,C,P,Y,E,P,D,P,P,N,T,V,P,T,S,C,E,A,K,E,G,E,C,I,D,S,S,C,G,T,C,T,R,D,I,L,S,D,G,L,C,E,N,K,P,G,K,T,C,C,R,M,C,Q,Y,V,I,E,C,R,V,E,A,A,G,W,F,R,T,F,Y,G,K,R,F,Q,F,Q,E,P,G,T,Y,V,L,G,Q,G,T,K,G,G,D,W,K,V,S,I,T,L,E,N,L,D,G,T,K,G,A,V,L,T,K,T,R,L,E,V,A,G,D,I,I,D,I,A,Q,A,T,E,N,P,I,T,V,N,G,G,A,D,P,I,I,A,N,P,Y,T,I,G,E,V,T,I,A,V,V,E,M,P,G,F,N,I,T,V,I,E,F,F,K,L,I,V,I,D,I,L,G,G,R,S,V,R,I,A,P,D,T,A,N,K,G,M,I,S,G,L,C,G,D,L,K,M,M,E,D,T,D,F,T,S,D,P,E,Q,L,A,I,Q,P,K,I,N,Q,E,F,D,G,C,P,L,Y,G,N,P,D,D,V,A,Y,C,K,G,L,L,E,P,Y,K,D,S,C,R,N,P,I,N,F,Y,Y,Y,T,I,S,C,A,F,A,R,C,M,G,G,D,E,R,A,S,H,V,L,L,D,Y,R,E,T,C,A,A,P,E,T,R,G,T,C,V,L,S,G,H,T,F,Y,D,T,F,D,K,A,R,Y,Q,F,Q,G,P,C,K,E,I,L,M,A,A,D,C,F,W,N,T,W,D,V,K,V,S,H,R,N,V,D,S,Y,T,E,V,E,K,V,R,I,R,K,Q,S,T,V,V,E,L,I,V,D,G,K,Q,I,L,V,G,G,E,A,V,S,I,P,Y,S,S,Q,N,T,S,I,Y,W,Q,D,G,D,I,L,T,T,A,I,L,P,E,A,L,V,V,K,F,N,F,K,Q,L,L,V,V,H,I,R,D,P,F,D,G,K,T,C,G,I,C,G,N,Y,N,Q,D,F,S,D,D,S,F,D,A,E,G,A,C,D,L,T,P,N,P,P,G,C,T,E,E,Q,K,P,E,A,E,R,L,C,N,S,L,F,A,G,Q,S,D,L,D,Q,K,C,N,V,C,H,K,P,D,R,V,E,R,C,M,Y,E,Y,C,L,R,G,Q,Q,G,F,C,D,H,A,W,E,F,K,K,E,C,Y,I,K,H,G,D,T,L,E,V,P,D,E,C,K,454
Mutation_1__Lmax463,M,K,T,L,I,L,A,V,A,L,V,Y,C,A,T,V,H,C,Q,D,C,P,Y,E,P,D,P,P,N,T,V,P,T,S,C,E,A,K,E,G,E,C,I,D,S,S,C,G,T,C,T,R,D,I,L,S,D,G,L,C,E,N,K,P,G,K,T,C,C,R,M,C,Q,Y,V,I,E,C,R,V,E,A,A,G,W,F,R,T,F,Y,G,K,R,F,Q,F,Q,E,P,G,T,Y,V,L,G,Q,G,T,K,G,G,D,W,K,V,S,I,T,L,E,N,L,D,G,T,K,G,A,V,L,T,K,T,R,L,E,V,A,G,D,I,I,D,I,A,Q,A,T,E,N,P,I,T,V,N,G,G,A,D,P,I,I,A,N,P,Y,T,I,G,E,V,T,I,A,V,V,E,M,P,G,F,N,I,T,V,I,E,F,F,K,L,I,V,I,D,I,L,G,G,R,S,V,R,I,A,P,D,T,A,N,K,G,M,I,S,G,L,C,G,D,L,K,M,M,E,D,T,D,F,T,S,D,P,E,Q,L,A,I,Q,P,K,I,N,Q,E,F,D,G,C,P,L,Y,G,N,P,D,D,V,A,Y,C,K,G,L,L,E,P,Y,K,D,S,C,R,N,P,I,N,F,Y,Y,Y,T,I,S,C,A,F,A,R,C,M,G,G,D,E,R,A,S,H,V,L,L,D,Y,R,E,T,C,A,A,P,E,T,R,G,T,C,V,L,S,G,H,T,F,Y,D,T,F,D,K,A,R,Y,Q,F,Q,G,P,C,K,E,I,L,M,A,A,D,C,F,W,N,T,W,D,V,K,V,S,H,R,N,V,D,S,Y,T,E,V,E,K,V,R,I,R,R,Q,S,T,V,V,E,L,I,V,D,G,K,Q,I,L,V,G,G,E,A,V,S,I,P,Y,S,S,Q,N,T,S,I,Y,W,Q,D,G,D,I,L,T,T,A,I,L,P,E,A,L,V,V,K,F,N,F,K,Q,L,L,V,V,H,I,R,D,P,F,D,G,K,T,C,G,I,C,G,N,Y,N,Q,D,F,S,D,D,S,F,D,A,E,G,A,C,D,L,T,P,N,P,P,G,C,T,E,E,Q,K,P,E,A,E,R,L,C,N,S,L,F,A,G,Q,S,D,L,D,Q,K,C,N,V,C,H,K,P,D,R,V,E,R,C,M,Y,E,Y,C,L,R,G,Q,Q,G,F,C,D,H,A,W,E,F,K,K,E,C,Y,I,K,H,G,D,T,L,E,V,P,D,E,C,K,463
Mutation_2__Lmax457,M,K,T,L,I,L,A,V,A,L,V,Y,C,A,T,V,H,C,Q,D,C,P,Y,E,P,D,P,P,N,T,V,P,T,S,C,E,A,K,E,G,E,C,I,D,S,S,C,G,T,C,T,R,D,I,L,S,D,G,L,C,E,N,K,P,G,K,T,C,C,R,M,C,Q,Y,V,I,E,C,R,V,E,A,A,G,W,F,R,T,F,Y,G,K,R,F,Q,F,Q,E,P,G,T,Y,V,L,G,Q,G,T,K,G,G,D,W,K,V,S,I,T,L,E,N,L,D,G,T,K,G,A,V,L,T,K,T,R,L,E,V,A,G,D,I,I,D,I,A,Q,A,T,E,N,P,I,T,V,N,G,G,A,D,P,I,I,A,N,P,Y,T,I,G,E,V,T,I,A,V,V,E,M,P,G,F,N,I,T,V,I,E,F,F,K,L,I,V,I,D,I,L,G,G,R,S,V,R,I,A,P,D,T,A,N,K,G,M,I,S,G,L,C,G,D,L,K,M,M,E,D,T,D,F,T,S,D,P,E,Q,L,A,I,Q,P,K,I,N,Q,E,F,D,G,C,P,L,Y,G,N,P,D,D,V,A,Y,C,K,G,L,L,E,P,Y,K,D,S,C,R,N,P,I,N,F,Y,Y,Y,T,I,S,C,A,F,A,R,C,M,G,G,D,E,R,A,S,H,V,L,L,D,Y,R,E,T,C,A,A,P,E,T,R,G,T,C,V,L,S,G,H,T,F,Y,D,T,F,D,K,A,R,Y,Q,F,Q,G,P,C,K,E,I,L,M,A,A,D,C,F,W,N,T,W,D,V,K,V,S,H,R,N,V,D,S,Y,T,E,V,E,K,V,R,I,R,N,Q,S,T,V,V,E,L,I,V,D,G,K,Q,I,L,V,G,G,E,A,V,S,I,P,Y,S,S,Q,N,T,S,I,Y,W,Q,D,G,D,I,L,T,T,A,I,L,P,E,A,L,V,V,K,F,N,F,K,Q,L,L,V,V,H,I,R,D,P,F,D,G,K,T,C,G,I,C,G,N,Y,N,Q,D,F,S,D,D,S,F,D,A,E,G,A,C,D,L,T,P,N,P,P,G,C,T,E,E,Q,K,P,E,A,E,R,L,C,N,S,L,F,A,G,Q,S,D,L,D,Q,K,C,N,V,C,H,K,P,D,R,V,E,R,C,M,Y,E,Y,C,L,R,G,Q,Q,G,F,C,D,H,A,W,E,F,K,K,E,C,Y,I,K,H,G,D,T,L,E,V,P,D,E,C,K,457
Mutation_3__Lmax458,M,K,T,L,I,L,A,V,A,L,V,Y,C,A,T,V,H,C,Q,D,C,P,Y,E,P,D,P,P,N,T,V,P,T,S,C,E,A,K,E,G,E,C,I,D,S,S,C,G,T,C,T,R,D,I,L,S,D,G,L,C,E,N,K,P,G,K,T,C,C,R,M,C,Q,Y,V,I,E,C,R,V,E,A,A,G,W,F,R,T,F,Y,G,K,R,F,Q,F,Q,E,P,G,T,Y,V,L,G,Q,G,T,K,G,G,D,W,K,V,S,I,T,L,E,N,L,D,G,T,K,G,A,V,L,T,K,T,R,L,E,V,A,G,D,I,I,D,I,A,Q,A,T,E,N,P,I,T,V,N,G,G,A,D,P,I,I,A,N,P,Y,T,I,G,E,V,T,I,A,V,V,E,M,P,G,F,N,I,T,V,I,E,F,F,K,L,I,V,I,D,I,L,G,G,R,S,V,R,I,A,P,D,T,A,N,K,G,M,I,S,G,L,C,G,D,L,K,M,M,E,D,T,D,F,T,S,D,P,E,Q,L,A,I,Q,P,K,I,N,Q,E,F,D,G,C,P,L,Y,G,N,P,D,D,V,A,Y,C,K,G,L,L,E,P,Y,K,D,S,C,R,N,P,I,N,F,Y,Y,Y,T,I,S,C,A,F,A,R,C,M,G,G,D,E,R,A,S,H,V,L,L,D,Y,R,E,T,C,A,A,P,E,T,R,G,T,C,V,L,S,G,H,T,F,Y,D,T,F,D,K,A,R,Y,Q,F,Q,G,P,C,K,E,I,L,M,A,A,D,C,F,W,N,T,W,D,V,K,V,S,H,R,N,V,D,S,Y,T,E,V,E,K,V,R,I,R,K,Q,S,T,V,V,E,L,I,V,D,G,K,Q,I,L,V,G,G,E,A,V,S,I,P,Y,S,S,Q,G,T,S,I,Y,W,Q,D,G,D,I,L,T,T,A,I,L,P,E,A,L,V,V,K,F,N,F,K,Q,L,L,V,V,H,I,R,D,P,F,D,G,K,T,C,G,I,C,G,N,Y,N,Q,D,F,S,D,D,S,F,D,A,E,G,A,C,D,L,T,P,N,P,P,G,C,T,E,E,Q,K,P,E,A,E,R,L,C,N,S,L,F,A,G,Q,S,D,L,D,Q,K,C,N,V,C,H,K,P,D,R,V,E,R,C,M,Y,E,Y,C,L,R,G,Q,Q,G,F,C,D,H,A,W,E,F,K,K,E,C,Y,I,K,H,G,D,T,L,E,V,P,D,E,C,K,458
Mutation_4__Lmax458,M,K,T,L,I,L,A,V,A,L,V,Y,C,A,T,V,H,C,Q,D,C,P,Y,E,P,D,P,P,N,T,V,P,T,S,C,E,A,K,E,G,E,C,I,D,S,S,C,G,T,C,T,R,D,I,L,S,D,G,L,C,E,N,K,P,G,K,T,C,C,R,M,C,Q,Y,V,I,E,C,R,V,E,A,A,G,W,F,R,T,F,Y,G,K,R,F,Q,F,Q,E,P,G,T,Y,V,L,G,Q,G,T,K,G,G,D,W,K,V,S,I,T,L,E,N,L,D,G,T,K,G,A,V,L,T,K,T,R,L,E,V,A,G,D,I,I,D,I,A,Q,A,T,E,N,P,I,T,V,N,G,G,A,D,P,I,I,A,N,P,Y,T,I,G,E,V,T,I,A,V,V,E,M,P,G,F,N,I,T,V,I,E,F,F,K,L,I,V,I,D,I,L,G,G,R,S,V,R,I,A,P,D,T,A,N,K,G,M,I,S,G,L,C,G,D,L,K,M,M,E,D,T,D,F,T,S,D,P,E,Q,L,A,I,Q,P,K,I,N,Q,E,F,D,G,C,P,L,Y,G,N,P,D,D,V,A,Y,C,K,G,L,L,E,P,Y,K,D,S,C,R,N,P,I,N,F,Y,Y,Y,T,I,S,C,A,F,A,R,C,M,G,G,D,E,R,A,S,H,V,L,L,D,Y,R,E,T,C,A,A,P,E,T,R,G,T,C,V,L,S,G,H,T,F,Y,D,T,F,D,K,A,R,Y,Q,F,Q,G,P,C,K,E,I,L,M,A,A,D,C,F,W,N,T,W,D,V,K,V,S,H,R,N,V,D,S,Y,T,E,V,E,K,V,R,I,R,K,Q,S,T,V,V,E,L,I,V,D,G,K,Q,I,L,V,G,G,E,A,V,S,I,P,Y,S,S,Q,S,T,S,I,Y,W,Q,D,G,D,I,L,T,T,A,I,L,P,E,A,L,V,V,K,F,N,F,K,Q,L,L,V,V,H,I,R,D,P,F,D,G,K,T,C,G,I,C,G,N,Y,N,Q,D,F,S,D,D,S,F,D,A,E,G,A,C,D,L,T,P,N,P,P,G,C,T,E,E,Q,K,P,E,A,E,R,L,C,N,S,L,F,A,G,Q,S,D,L,D,Q,K,C,N,V,C,H,K,P,D,R,V,E,R,C,M,Y,E,Y,C,L,R,G,Q,Q,G,F,C,D,H,A,W,E,F,K,K,E,C,Y,I,K,H,G,D,T,L,E,V,P,D,E,C,K,458
Mutation_5__Lmax457,M,K,T,L,I,L,A,V,A,L,V,Y,C,A,T,V,H,C,Q,D,C,P,Y,E,P,D,P,P,N,T,V,P,T,S,C,E,A,K,E,G,E,C,I,D,S,S,C,G,T,C,T,R,D,I,L,S,D,G,L,C,E,N,K,P,G,K,T,C,C,R,M,C,Q,Y,V,I,E,C,R,V,E,A,A,G,W,F,R,T,F,Y,G,K,R,F,Q,F,Q,E,P,G,T,Y,V,L,G,Q,G,T,K,G,G,D,W,K,V,S,I,T,L,E,N,L,D,G,T,K,G,A,V,L,T,K,T,R,L,E,V,A,G,D,I,I,D,I,A,Q,A,T,E,N,P,I,T,V,N,G,G,A,D,P,I,I,A,N,P,Y,T,I,G,E,V,T,I,A,V,V,E,M,P,G,F,N,I,T,V,I,E,F,F,K,L,I,V,I,D,I,L,G,G,R,S,V,R,I,A,P,D,T,A,N,K,G,M,I,S,G,L,C,G,D,L,K,M,M,E,D,T,D,F,T,S,D,P,E,Q,L,A,I,Q,P,K,I,N,Q,E,F,D,G,C,P,L,Y,G,N,P,D,D,V,A,Y,C,K,G,L,L,E,P,Y,K,D,S,C,R,N,P,I,N,F,Y,Y,Y,T,I,S,C,A,F,A,R,C,M,G,G,D,E,R,A,S,H,V,L,L,D,Y,R,E,T,C,A,A,P,E,T,R,G,T,C,V,L,S,G,H,T,F,Y,D,T,F,D,K,A,R,Y,Q,F,Q,G,P,C,K,E,I,L,M,A,A,D,C,F,W,N,T,W,D,V,K,V,S,H,R,N,V,D,S,Y,T,E,V,E,K,V,R,I,R,K,Q,S,T,V,V,E,L,I,V,D,G,K,Q,I,L,V,G,G,E,A,V,S,I,P,Y,S,S,Q,N,M,S,I,Y,W,Q,D,G,D,I,L,T,T,A,I,L,P,E,A,L,V,V,K,F,N,F,K,Q,L,L,V,V,H,I,R,D,P,F,D,G,K,T,C,G,I,C,G,N,Y,N,Q,D,F,S,D,D,S,F,D,A,E,G,A,C,D,L,T,P,N,P,P,G,C,T,E,E,Q,K,P,E,A,E,R,L,C,N,S,L,F,A,G,Q,S,D,L,D,Q,K,C,N,V,C,H,K,P,D,R,V,E,R,C,M,Y,E,Y,C,L,R,G,Q,Q,G,F,C,D,H,A,W,E,F,K,K,E,C,Y,I,K,H,G,D,T,L,E,V,P,D,E,C,K,457
Mutation_6__Lmax460,M,K,T,L,I,L,A,V,A,L,V,Y,C,A,T,V,H,C,Q,D,C,P,Y,E,P,D,P,P,N,T,V,P,T,S,C,E,A,K,E,G,E,C,I,D,S,S,C,G,T,C,T,R,D,I,L,S,D,G,L,C,E,N,K,P,G,K,T,C,C,R,M,C,Q,Y,V,I,E,C,R,V,E,A,A,G,W,F,R,T,F,Y,G,K,R,F,Q,F,Q,E,P,G,T,Y,V,L,G,Q,G,T,K,G,G,D,W,K,V,S,I,T,L,E,N,L,D,G,T,K,G,A,V,L,T,K,T,R,L,E,V,A,G,D,I,I,D,I,A,Q,A,T,E,N,P,I,T,V,N,G,G,A,D,P,I,I,A,N,P,Y,T,I,G,E,V,T,I,A,V,V,E,M,P,G,F,N,I,T,V,I,E,F,F,K,L,I,V,I,D,I,L,G,G,R,S,V,R,I,A,P,D,T,A,N,K,G,M,I,S,G,L,C,G,D,L,K,M,M,E,D,T,D,F,T,S,D,P,E,Q,L,A,I,Q,P,K,I,N,Q,E,F,D,G,C,P,L,Y,G,N,P,D,D,V,A,Y,C,K,G,L,L,E,P,Y,K,D,S,C,R,N,P,I,N,F,Y,Y,Y,T,I,S,C,A,F,A,R,C,M,G,G,D,E,R,A,S,H,V,L,L,D,Y,R,E,T,C,A,A,P,E,T,R,G,T,C,V,L,S,G,H,T,F,Y,D,T,F,D,K,A,R,Y,Q,F,Q,G,P,C,K,E,I,L,M,A,A,D,C,F,W,N,T,W,D,V,K,V,S,H,R,N,V,D,S,Y,T,E,V,E,K,V,R,I,R,K,Q,S,T,V,V,E,L,I,V,D,G,K,Q,I,L,V,G,G,E,A,V,S,I,P,Y,S,S,Q,N,T,L,I,Y,W,Q,D,G,D,I,L,T,T,A,I,L,P,E,A,L,V,V,K,F,N,F,K,Q,L,L,V,V,H,I,R,D,P,F,D,G,K,T,C,G,I,C,G,N,Y,N,Q,D,F,S,D,D,S,F,D,A,E,G,A,C,D,L,T,P,N,P,P,G,C,T,E,E,Q,K,P,E,A,E,R,L,C,N,S,L,F,A,G,Q,S,D,L,D,Q,K,C,N,V,C,H,K,P,D,R,V,E,R,C,M,Y,E,Y,C,L,R,G,Q,Q,G,F,C,D,H,A,W,E,F,K,K,E,C,Y,I,K,H,G,D,T,L,E,V,P,D,E,C,K,460
Mutation_7__Lmax460,M,K,T,L,I,L,A,V,A,L,V,Y,C,A,T,V,H,C,Q,D,C,P,Y,E,P,D,P,P,N,T,V,P,T,S,C,E,A,K,E,G,E,C,I,D,S,S,C,G,T,C,T,R,D,I,L,S,D,G,L,C,E,N,K,P,G,K,T,C,C,R,M,C,Q,Y,V,I,E,C,R,V,E,A,A,G,W,F,R,T,F,Y,G,K,R,F,Q,F,Q,E,P,G,T,Y,V,L,G,Q,G,T,K,G,G,D,W,K,V,S,I,T,L,E,N,L,D,G,T,K,G,A,V,L,T,K,T,R,L,E,V,A,G,D,I,I,D,I,A,Q,A,T,E,N,P,I,T,V,N,G,G,A,D,P,I,I,A,N,P,Y,T,I,G,E,V,T,I,A,V,V,E,M,P,G,F,N,I,T,V,I,E,F,F,K,L,I,V,I,D,I,L,G,G,R,S,V,R,I,A,P,D,T,A,N,K,G,M,I,S,G,L,C,G,D,L,K,M,M,E,D,T,D,F,T,S,D,P,E,Q,L,A,I,Q,P,K,I,N,Q,E,F,D,G,C,P,L,Y,G,N,P,D,D,V,A,Y,C,K,G,L,L,E,P,Y,K,D,S,C,R,N,P,I,N,F,Y,Y,Y,T,I,S,C,A,F,A,R,C,M,G,G,D,E,R,A,S,H,V,L,L,D,Y,R,E,T,C,A,A,P,E,T,R,G,T,C,V,L,S,G,H,T,F,Y,D,T,F,D,K,A,R,Y,Q,F,Q,G,P,C,K,E,I,L,M,A,A,D,C,F,W,N,T,W,D,V,K,V,S,H,R,N,V,D,S,Y,T,E,V,E,K,V,R,I,R,K,Q,S,T,V,V,E,L,I,V,D,G,K,Q,I,L,V,G,G,E,A,V,S,I,P,Y,S,S,Q,N,T,S,A,Y,W,Q,D,G,D,I,L,T,T,A,I,L,P,E,A,L,V,V,K,F,N,F,K,Q,L,L,V,V,H,I,R,D,P,F,D,G,K,T,C,G,I,C,G,N,Y,N,Q,D,F,S,D,D,S,F,D,A,E,G,A,C,D,L,T,P,N,P,P,G,C,T,E,E,Q,K,P,E,A,E,R,L,C,N,S,L,F,A,G,Q,S,D,L,D,Q,K,C,N,V,C,H,K,P,D,R,V,E,R,C,M,Y,E,Y,C,L,R,G,Q,Q,G,F,C,D,H,A,W,E,F,K,K,E,C,Y,I,K,H,G,D,T,L,E,V,P,D,E,C,K,460
Mutation_8__Lmax460,M,K,T,L,I,L,A,V,A,L,V,Y,C,A,T,V,H,C,Q,D,C,P,Y,E,P,D,P,P,N,T,V,P,T,S,C,E,A,K,E,G,E,C,I,D,S,S,C,G,T,C,T,R,D,I,L,S,D,G,L,C,E,N,K,P,G,K,T,C,C,R,M,C,Q,Y,V,I,E,C,R,V,E,A,A,G,W,F,R,T,F,Y,G,K,R,F,Q,F,Q,E,P,G,T,Y,V,L,G,Q,G,T,K,G,G,D,W,K,V,S,I,T,L,E,N,L,D,G,T,K,G,A,V,L,T,K,T,R,L,E,V,A,G,D,I,I,D,I,A,Q,A,T,E,N,P,I,T,V,N,G,G,A,D,P,I,I,A,N,P,Y,K,I,G,E,V,T,I,A,V,V,E,M,P,G,F,N,I,T,V,I,E,F,F,K,L,I,V,I,D,I,L,G,G,R,S,V,R,I,A,P,D,T,A,N,K,G,M,I,S,G,L,C,G,D,L,K,M,M,E,D,T,D,F,T,S,D,P,E,Q,L,A,I,Q,P,K,I,N,Q,E,F,D,G,C,P,L,Y,G,N,P,D,D,V,A,Y,C,K,G,L,L,E,P,Y,K,D,S,C,R,N,P,I,N,F,Y,Y,Y,T,I,S,C,A,F,A,R,C,M,G,G,D,E,R,A,S,H,V,L,L,D,Y,R,E,T,C,A,A,P,E,T,R,G,T,C,V,L,S,G,H,T,F,Y,D,T,F,D,K,A,R,Y,Q,F,Q,G,P,C,K,E,I,L,M,A,A,D,C,F,W,N,T,W,D,V,K,V,S,H,R,N,V,D,S,Y,T,E,V,E,K,V,R,I,R,R,Q,S,T,V,V,E,L,I,V,D,G,K,Q,I,L,V,G,G,E,A,V,S,I,P,Y,S,S,Q,N,T,S,I,Y,W,Q,D,G,D,I,L,T,T,A,I,L,P,E,A,L,V,V,K,F,N,F,K,Q,L,L,V,V,H,I,R,D,P,F,D,G,K,T,C,G,I,C,G,N,Y,N,Q,D,F,S,D,D,S,F,D,A,E,G,A,C,D,L,T,P,N,P,P,G,C,T,E,E,Q,K,P,E,A,E,R,L,C,N,S,L,F,A,G,Q,S,D,L,D,Q,K,C,N,V,C,H,K,P,D,R,V,E,R,C,M,Y,E,Y,C,L,R,G,Q,Q,G,F,C,D,H,A,W,E,F,K,K,E,C,Y,I,K,H,G,D,T,L,E,V,P,D,E,C,K,460
Mutation_9__Lmax458,M,K,T,L,I,L,A,V,A,L,V,Y,C,A,T,V,H,C,Q,D,C,P,Y,E,P,D,P,P,N,T,V,P,T,S,C,E,A,K,E,G,E,C,I,D,S,S,C,G,T,C,T,R,D,I,L,S,D,G,L,C,E,N,K,P,G,K,T,C,C,R,M,C,Q,Y,V,I,E,C,R,V,E,A,A,G,W,F,R,T,F,Y,G,K,R,F,Q,F,Q,E,P,G,T,Y,V,L,G,Q,G,T,K,G,G,D,W,K,V,S,I,T,L,E,N,L,D,G,T,K,G,A,V,L,T,K,T,R,L,E,V,A,G,D,I,I,D,I,A,Q,A,T,E,N,P,I,T,V,N,G,G,A,D,P,I,I,A,N,P,Y,K,I,G,E,V,T,I,A,V,V,E,M,P,G,F,N,I,T,V,I,E,F,F,K,L,I,V,I,D,I,L,G,G,R,S,V,R,I,A,P,D,T,A,N,K,G,M,I,S,G,L,C,G,D,L,K,M,M,E,D,T,D,F,T,S,D,P,E,Q,L,A,I,Q,P,K,I,N,Q,E,F,D,G,C,P,L,Y,G,N,P,D,D,V,A,Y,C,K,G,L,L,E,P,Y,K,D,S,C,R,N,P,I,N,F,Y,Y,Y,T,I,S,C,A,F,A,R,C,M,G,G,D,E,R,A,S,H,V,L,L,D,Y,R,E,T,C,A,A,P,E,T,R,G,T,C,V,L,S,G,H,T,F,Y,D,T,F,D,K,A,R,Y,Q,F,Q,G,P,C,K,E,I,L,M,A,A,D,C,F,W,N,T,W,D,V,K,V,S,H,R,N,V,D,S,Y,T,E,V,E,K,V,R,I,R,K,Q,S,T,V,V,E,L,I,V,D,G,K,Q,I,L,V,G,G,E,A,V,S,I,P,Y,S,S,P,N,T,S,I,Y,W,Q,D,G,D,I,L,T,T,A,I,L,P,E,A,L,V,V,K,F,N,F,K,Q,L,L,V,V,H,I,R,D,P,F,D,G,K,T,C,G,I,C,G,N,Y,N,Q,D,F,S,D,D,S,F,D,A,E,G,A,C,D,L,T,P,N,P,P,G,C,T,E,E,Q,K,P,E,A,E,R,L,C,N,S,L,F,A,G,Q,S,D,L,D,Q,K,C,N,V,C,H,K,P,D,R,V,E,R,C,M,Y,E,Y,C,L,R,G,Q,Q,G,F,C,D,H,A,W,E,F,K,K,E,C,Y,I,K,H,G,D,T,L,E,V,P,D,E,C,K,458
Mutation_10__Lmax460,M,K,T,L,I,L,A,V,A,L,V,Y,C,A,T,V,H,C,Q,D,C,P,Y,E,P,D,P,P,N,T,V,P,T,S,C,E,A,K,E,G,E,C,I,D,S,S,C,G,T,C,T,R,D,I,L,S,D,G,L,C,E,N,K,P,G,K,T,C,C,R,M,C,Q,Y,V,I,E,C,R,V,E,A,A,G,W,F,R,T,F,Y,G,K,R,F,Q,F,Q,E,P,G,T,Y,V,L,G,Q,G,T,K,G,G,D,W,K,V,S,I,T,L,E,N,L,D,G,T,K,G,A,V,L,T,K,T,R,L,E,V,A,G,D,I,I,D,I,A,Q,A,T,E,N,P,I,T,V,N,G,G,A,D,P,I,I,A,N,P,Y,K,I,G,E,V,T,I,A,V,V,E,M,P,G,F,N,I,T,V,I,E,F,F,K,L,I,V,I,D,I,L,G,G,R,S,V,R,I,A,P,D,T,A,N,K,G,M,I,S,G,L,C,G,D,L,K,M,M,E,D,T,D,F,T,S,D,P,E,Q,L,A,I,Q,P,K,I,N,Q,E,F,D,G,C,P,L,Y,G,N,P,D,D,V,A,Y,C,K,G,L,L,E,P,Y,K,D,S,C,R,N,P,I,N,F,Y,Y,Y,T,I,S,C,A,F,A,R,C,M,G,G,D,E,R,A,S,H,V,L,L,D,Y,R,E,T,C,A,A,P,E,T,R,G,T,C,V,L,S,G,H,T,F,Y,D,T,F,D,K,A,R,Y,Q,F,Q,G,P,C,K,E,I,L,M,A,A,D,C,F,W,N,T,W,D,V,K,V,S,H,R,N,V,D,S,Y,T,E,V,E,K,V,R,I,R,K,Q,S,T,V,V,E,L,I,V,D,G,K,Q,I,L,V,G,G,E,A,V,S,I,P,Y,S,S,Q,G,T,S,I,Y,W,Q,D,G,D,I,L,T,T,A,I,L,P,E,A,L,V,V,K,F,N,F,K,Q,L,L,V,V,H,I,R,D,P,F,D,G,K,T,C,G,I,C,G,N,Y,N,Q,D,F,S,D,D,S,F,D,A,E,G,A,C,D,L,T,P,N,P,P,G,C,T,E,E,Q,K,P,E,A,E,R,L,C,N,S,L,F,A,G,Q,S,D,L,D,Q,K,C,N,V,C,H,K,P,D,R,V,E,R,C,M,Y,E,Y,C,L,R,G,Q,Q,G,F,C,D,H,A,W,E,F,K,K,E,C,Y,I,K,H,G,D,T,L,E,V,P,D,E,C,K,460
Mutation_11__Lmax460,M,K,T,L,I,L,A,V,A,L,V,Y,C,A,T,V,H,C,Q,D,C,P,Y,E,P,D,P,P,N,T,V,P,T,S,C,E,A,K,E,G,E,C,I,D,S,S,C,G,T,C,T,R,D,I,L,S,D,G,L,C,E,N,K,P,G,K,T,C,C,R,M,C,Q,Y,V,I,E,C,R,V,E,A,A,G,W,F,R,T,F,Y,G,K,R,F,Q,F,Q,E,P,G,T,Y,V,L,G,Q,G,T,K,G,G,D,W,K,V,S,I,T,L,E,N,L,D,G,T,K,G,A,V,L,T,K,T,R,L,E,V,A,G,D,I,I,D,I,A,Q,A,T,E,N,P,I,T,V,N,G,G,A,D,P,I,I,A,N,P,Y,K,I,G,E,V,T,I,A,V,V,E,M,P,G,F,N,I,T,V,I,E,F,F,K,L,I,V,I,D,I,L,G,G,R,S,V,R,I,A,P,D,T,A,N,K,G,M,I,S,G,L,C,G,D,L,K,M,M,E,D,T,D,F,T,S,D,P,E,Q,L,A,I,Q,P,K,I,N,Q,E,F,D,G,C,P,L,Y,G,N,P,D,D,V,A,Y,C,K,G,L,L,E,P,Y,K,D,S,C,R,N,P,I,N,F,Y,Y,Y,T,I,S,C,A,F,A,R,C,M,G,G,D,E,R,A,S,H,V,L,L,D,Y,R,E,T,C,A,A,P,E,T,R,G,T,C,V,L,S,G,H,T,F,Y,D,T,F,D,K,A,R,Y,Q,F,Q,G,P,C,K,E,I,L,M,A,A,D,C,F,W,N,T,W,D,V,K,V,S,H,R,N,V,D,S,Y,T,E,V,E,K,V,R,I,R,K,Q,S,T,V,V,E,L,I,V,D,G,K,Q,I,L,V,G,G,E,A,V,S,I,P,Y,S,S,Q,N,I,S,I,Y,W,Q,D,G,D,I,L,T,T,A,I,L,P,E,A,L,V,V,K,F,N,F,K,Q,L,L,V,V,H,I,R,D,P,F,D,G,K,T,C,G,I,C,G,N,Y,N,Q,D,F,S,D,D,S,F,D,A,E,G,A,C,D,L,T,P,N,P,P,G,C,T,E,E,Q,K,P,E,A,E,R,L,C,N,S,L,F,A,G,Q,S,D,L,D,Q,K,C,N,V,C,H,K,P,D,R,V,E,R,C,M,Y,E,Y,C,L,R,G,Q,Q,G,F,C,D,H,A,W,E,F,K,K,E,C,Y,I,K,H,G,D,T,L,E,V,P,D,E,C,K,460
Mutation_12__Lmax447,M,K,T,L,I,L,A,V,A,L,V,Y,C,A,T,V,H,C,Q,D,C,P,Y,E,P,D,P,P,N,T,V,P,T,S,C,E,A,K,E,G,E,C,I,D,S,S,C,G,T,C,T,R,D,I,L,S,D,G,L,C,E,N,K,P,G,K,T,C,C,R,M,C,Q,Y,V,I,E,C,R,V,E,A,A,G,W,F,R,T,F,Y,G,K,R,F,Q,F,Q,E,P,G,T,Y,V,L,G,Q,G,T,K,G,G,D,W,K,V,S,I,T,L,E,N,L,D,G,T,K,G,A,V,L,T,K,T,R,L,E,V,A,G,D,I,I,D,I,A,Q,A,T,E,N,P,I,T,V,N,G,G,A,D,P,I,I,A,N,P,Y,T,I,G,E,V,T,I,A,V,V,E,K,P,G,F,N,I,T,V,I,E,F,F,K,L,I,V,I,D,I,P,G,G,R,S,V,R,I,A,P,D,T,A,N,K,G,M,I,S,G,L,C,G,D,L,K,M,M,E,D,T,D,F,T,S,D,P,E,Q,L,A,I,Q,P,K,I,N,Q,E,F,D,G,C,P,L,Y,G,N,P,D,D,V,A,Y,C,K,G,L,L,E,P,Y,K,D,S,C,R,N,P,I,N,F,Y,Y,Y,T,I,S,C,A,F,A,R,C,M,G,G,D,E,R,A,S,H,V,L,L,D,Y,R,E,T,C,A,A,P,E,T,R,G,T,C,V,L,S,G,H,T,F,Y,D,T,F,D,K,A,R,Y,Q,F,Q,G,P,C,K,E,I,L,M,A,A,D,C,F,W,N,T,W,D,V,K,V,S,H,R,N,V,D,S,Y,T,E,V,E,K,V,R,I,R,K,Q,S,T,V,V,E,L,I,V,D,G,K,Q,I,L,V,G,G,E,A,V,S,I,P,Y,S,S,Q,N,T,S,I,Y,W,Q,D,G,D,I,L,T,T,A,I,L,P,E,A,L,V,V,K,F,N,F,K,Q,L,L,V,V,H,I,R,D,P,F,D,G,K,T,C,G,I,C,G,N,Y,N,Q,D,F,S,D,D,S,F,D,A,E,G,A,C,D,L,T,P,N,P,P,G,C,T,E,E,Q,K,P,E,A,E,R,L,C,N,S,L,F,A,G,Q,S,D,L,D,Q,K,C,N,V,C,H,K,P,D,R,V,E,R,C,M,Y,E,Y,C,L,R,G,Q,Q,G,F,C,D,H,A,W,E,F,K,K,E,C,Y,I,K,H,G,D,T,L,E,V,P,D,E,C,K,447
Mutation_13__Lmax460,M,K,T,L,I,L,A,V,A,L,V,Y,C,A,T,V,H,C,Q,D,C,P,Y,E,P,D,P,P,N,T,V,P,T,S,C,E,A,K,E,G,E,C,I,D,S,S,C,G,T,C,T,R,D,I,L,S,D,G,L,C,E,N,K,P,G,K,T,C,C,R,M,C,Q,Y,V,I,E,C,R,V,E,A,A,G,W,F,R,T,F,Y,G,K,R,F,Q,F,Q,E,P,G,T,Y,V,L,G,Q,G,T,K,G,G,D,W,K,V,S,I,T,L,E,N,L,D,G,T,K,G,A,V,L,T,K,T,R,L,E,V,A,G,D,I,I,D,I,A,Q,A,T,E,N,P,I,T,V,N,G,G,A,D,P,I,I,A,N,P,Y,T,I,G,E,V,T,I,A,V,V,E,M,P,G,F,N,I,T,V,I,E,F,F,K,L,I,V,I,D,I,L,G,G,R,S,V,R,I,A,P,D,T,A,N,K,G,M,I,S,G,L,C,G,D,L,K,M,M,E,D,T,D,F,T,S,D,P,E,Q,L,A,I,Q,P,K,I,N,Q,E,F,D,G,C,P,L,Y,G,N,P,D,D,V,A,Y,C,K,G,L,L,E,P,Y,K,D,S,C,R,N,P,I,N,F,Y,Y,Y,T,I,S,C,A,F,A,R,C,M,G,G,D,E,R,A,S,H,V,L,L,D,Y,R,E,T,C,A,A,P,E,T,R,G,T,C,V,L,S,G,H,T,F,Y,D,T,F,D,K,A,R,Y,Q,F,Q,G,P,C,K,E,I,L,M,A,A,D,C,F,W,N,T,W,D,V,K,V,S,H,R,N,V,D,S,Y,T,E,V,E,K,V,R,I,R,R,Q,S,T,V,V,E,L,I,V,D,G,K,Q,I,L,V,G,G,E,A,V,S,I,P,Y,S,S,P,N,T,S,I,Y,W,Q,D,G,D,I,L,T,T,A,I,L,P,E,A,L,V,V,K,F,N,F,K,Q,L,L,V,V,H,I,R,D,P,F,D,G,K,T,C,G,I,C,G,N,Y,N,Q,D,F,S,D,D,S,F,D,A,E,G,A,C,D,L,T,P,N,P,P,G,C,T,E,E,Q,K,P,E,A,E,R,L,C,N,S,L,F,A,G,Q,S,D,L,D,Q,K,C,N,V,C,H,K,P,D,R,V,E,R,C,M,Y,E,Y,C,L,R,G,Q,Q,G,F,C,D,H,A,W,E,F,K,K,E,C,Y,I,K,H,G,D,T,L,E,V,P,D,E,C,K,460
Mutation_14__Lmax461,M,K,T,L,I,L,A,V,A,L,V,Y,C,A,T,V,H,C,Q,D,C,P,Y,E,P,D,P,P,N,T,V,P,T,S,C,E,A,K,E,G,E,C,I,D,S,S,C,G,T,C,T,R,D,I,L,S,D,G,L,C,E,N,K,P,G,K,T,C,C,R,M,C,Q,Y,V,I,E,C,R,V,E,A,A,G,W,F,R,T,F,Y,G,K,R,F,Q,F,Q,E,P,G,T,Y,V,L,G,Q,G,T,K,G,G,D,W,K,V,S,I,T,L,E,N,L,D,G,T,K,G,A,V,L,T,K,T,R,L,E,V,A,G,D,I,I,D,I,A,Q,A,T,E,N,P,I,T,V,N,G,G,A,D,P,I,I,A,N,P,Y,T,I,G,E,V,T,I,A,V,V,E,M,P,G,F,N,I,T,V,I,E,F,F,K,L,I,V,I,D,I,L,G,G,R,S,V,R,I,A,P,D,T,A,N,K,G,M,I,S,G,L,C,G,D,L,K,M,M,E,D,T,D,F,T,S,D,P,E,Q,L,A,I,Q,P,K,I,N,Q,E,F,D,G,C,P,L,Y,G,N,P,D,D,V,A,Y,C,K,G,L,L,E,P,Y,K,D,S,C,R,N,P,I,N,F,Y,Y,Y,T,I,S,C,A,F,A,R,C,M,G,G,D,E,R,A,S,H,V,L,L,D,Y,R,E,T,C,A,A,P,E,T,R,G,T,C,V,L,S,G,H,T,F,Y,D,T,F,D,K,A,R,Y,Q,F,Q,G,P,C,K,E,I,L,M,A,A,D,C,F,W,N,T,W,D,V,K,V,S,H,R,N,V,D,S,Y,T,E,V,E,K,V,R,I,R,R,Q,S,T,V,V,E,L,I,V,D,G,K,Q,I,L,V,G,G,E,A,V,S,I,P,Y,S,S,Q,G,T,S,I,Y,W,Q,D,G,D,I,L,T,T,A,I,L,P,E,A,L,V,V,K,F,N,F,K,Q,L,L,V,V,H,I,R,D,P,F,D,G,K,T,C,G,I,C,G,N,Y,N,Q,D,F,S,D,D,S,F,D,A,E,G,A,C,D,L,T,P,N,P,P,G,C,T,E,E,Q,K,P,E,A,E,R,L,C,N,S,L,F,A,G,Q,S,D,L,D,Q,K,C,N,V,C,H,K,P,D,R,V,E,R,C,M,Y,E,Y,C,L,R,G,Q,Q,G,F,C,D,H,A,W,E,F,K,K,E,C,Y,I,K,H,G,D,T,L,E,V,P,D,E,C,K,461
Mutation_15__Lmax463,M,K,T,L,I,L,A,V,A,L,V,Y,C,A,T,V,H,C,Q,D,C,P,Y,E,P,D,P,P,N,T,V,P,T,S,C,E,A,K,E,G,E,C,I,D,S,S,C,G,T,C,T,R,D,I,L,S,D,G,L,C,E,N,K,P,G,K,T,C,C,R,M,C,Q,Y,V,I,E,C,R,V,E,A,A,G,W,F,R,T,F,Y,G,K,R,F,Q,F,Q,E,P,G,T,Y,V,L,G,Q,G,T,K,G,G,D,W,K,V,S,I,T,L,E,N,L,D,G,T,K,G,A,V,L,T,K,T,R,L,E,V,A,G,D,I,I,D,I,A,Q,A,T,E,N,P,I,T,V,N,G,G,A,D,P,I,I,A,N,P,Y,T,I,G,E,V,T,I,A,V,V,E,M,P,G,F,N,I,T,V,I,E,F,F,K,L,I,V,I,D,I,L,G,G,R,S,V,R,I,A,P,D,T,A,N,K,G,M,I,S,G,L,C,G,D,L,K,M,M,E,D,T,D,F,T,S,D,P,E,Q,L,A,I,Q,P,K,I,N,Q,E,F,D,G,C,P,L,Y,G,N,P,D,D,V,A,Y,C,K,G,L,L,E,P,Y,K,D,S,C,R,N,P,I,N,F,Y,Y,Y,T,I,S,C,A,F,A,R,C,M,G,G,D,E,R,A,S,H,V,L,L,D,Y,R,E,T,C,A,A,P,E,T,R,G,T,C,V,L,S,G,H,T,F,Y,D,T,F,D,K,A,R,Y,Q,F,Q,G,P,C,K,E,I,L,M,A,A,D,C,F,W,N,T,W,D,V,K,V,S,H,R,N,V,D,S,Y,T,E,V,E,K,V,R,I,R,R,Q,S,T,V,V,E,L,I,V,D,G,K,Q,I,L,V,G,G,E,A,V,S,I,P,Y,S,S,Q,N,I,S,I,Y,W,Q,D,G,D,I,L,T,T,A,I,L,P,E,A,L,V,V,K,F,N,F,K,Q,L,L,V,V,H,I,R,D,P,F,D,G,K,T,C,G,I,C,G,N,Y,N,Q,D,F,S,D,D,S,F,D,A,E,G,A,C,D,L,T,P,N,P,P,G,C,T,E,E,Q,K,P,E,A,E,R,L,C,N,S,L,F,A,G,Q,S,D,L,D,Q,K,C,N,V,C,H,K,P,D,R,V,E,R,C,M,Y,E,Y,C,L,R,G,Q,Q,G,F,C,D,H,A,W,E,F,K,K,E,C,Y,I,K,H,G,D,T,L,E,V,P,D,E,C,K,463
Mutation_16__Lmax462,M,K,T,L,I,L,A,V,A,L,V,Y,C,A,T,V,H,C,Q,D,C,P,Y,E,P,D,P,P,N,T,V,P,T,S,C,E,A,K,E,G,E,C,I,D,S,S,C,G,T,C,T,R,D,I,L,S,D,G,L,C,E,N,K,P,G,K,T,C,C,R,M,C,Q,Y,V,I,E,C,R,V,E,A,A,G,W,F,R,T,F,Y,G,K,R,F,Q,F,Q,E,P,G,T,Y,V,L,G,Q,G,T,K,G,G,D,W,K,V,S,I,T,L,E,N,L,D,G,T,K,G,A,V,L,T,K,T,R,L,E,V,A,G,D,I,I,D,I,A,Q,A,T,E,N,P,I,T,V,N,G,G,A,D,P,I,I,A,N,P,Y,T,I,G,E,V,T,I,A,V,V,E,M,P,G,F,N,I,T,V,I,E,F,F,K,L,I,V,I,D,I,L,G,G,R,S,V,R,I,A,P,D,T,A,N,K,G,M,I,S,G,L,C,G,D,L,K,M,M,E,D,T,D,F,T,S,D,P,E,Q,L,A,I,Q,P,K,I,N,Q,E,F,D,G,C,P,L,Y,G,N,P,D,D,V,A,Y,C,K,G,L,L,E,P,Y,K,D,S,C,R,N,P,I,N,F,Y,Y,Y,T,I,S,C,A,F,A,R,C,M,G,G,D,E,R,A,S,H,V,L,L,D,Y,R,E,T,C,A,A,P,E,T,R,G,T,C,V,L,S,G,H,T,F,Y,D,T,F,D,K,A,R,Y,Q,F,Q,G,P,C,K,E,I,L,M,A,A,D,C,F,W,N,T,W,D,V,K,V,S,H,R,N,V,D,S,Y,T,E,V,E,K,V,R,I,R,K,Q,S,T,V,V,E,L,I,V,D,G,K,Q,I,L,V,G,G,E,A,V,S,I,P,Y,S,S,P,G,T,S,I,Y,W,Q,D,G,D,I,L,T,T,A,I,L,P,E,A,L,V,V,K,F,N,F,K,Q,L,L,V,V,H,I,R,D,P,F,D,G,K,T,C,G,I,C,G,N,Y,N,Q,D,F,S,D,D,S,F,D,A,E,G,A,C,D,L,T,P,N,P,P,G,C,T,E,E,Q,K,P,E,A,E,R,L,C,N,S,L,F,A,G,Q,S,D,L,D,Q,K,C,N,V,C,H,K,P,D,R,V,E,R,C,M,Y,E,Y,C,L,R,G,Q,Q,G,F,C,D,H,A,W,E,F,K,K,E,C,Y,I,K,H,G,D,T,L,E,V,P,D,E,C,K,462
Mutation_17__Lmax459,M,K,T,L,I,L,A,V,A,L,V,Y,C,A,T,V,H,C,Q,D,C,P,Y,E,P,D,P,P,N,T,V,P,T,S,C,E,A,K,E,G,E,C,I,D,S,S,C,G,T,C,T,R,D,I,L,S,D,G,L,C,E,N,K,P,G,K,T,C,C,R,M,C,Q,Y,V,I,E,C,R,V,E,A,A,G,W,F,R,T,F,Y,G,K,R,F,Q,F,Q,E,P,G,T,Y,V,L,G,Q,G,T,K,G,G,D,W,K,V,S,I,T,L,E,N,L,D,G,T,K,G,A,V,L,T,K,T,R,L,E,V,A,G,D,I,I,D,I,A,Q,A,T,E,N,P,I,T,V,N,G,G,A,D,P,I,I,A,N,P,Y,T,I,G,E,V,T,I,A,V,V,E,M,P,G,F,N,I,T,V,I,E,F,F,K,L,I,V,I,D,I,L,G,G,R,S,V,R,I,A,P,D,T,A,N,K,G,M,I,S,G,L,C,G,D,L,K,M,M,E,D,T,D,F,T,S,D,P,E,Q,L,A,I,Q,P,K,I,N,Q,E,F,D,G,C,P,L,Y,G,N,P,D,D,V,A,Y,C,K,G,L,L,E,P,Y,K,D,S,C,R,N,P,I,N,F,Y,Y,Y,T,I,S,C,A,F,A,R,C,M,G,G,D,E,R,A,S,H,V,L,L,D,Y,R,E,T,C,A,A,P,E,T,R,G,T,C,V,L,S,G,H,T,F,Y,D,T,F,D,K,A,R,Y,Q,F,Q,G,P,C,K,E,I,L,M,A,A,D,C,F,W,N,T,W,D,V,K,V,S,H,R,N,V,D,S,Y,T,E,V,E,K,V,R,I,R,K,Q,S,T,V,V,E,L,I,V,D,G,K,Q,I,L,V,G,G,E,A,V,S,I,P,Y,S,S,P,N,I,S,I,Y,W,Q,D,G,D,I,L,T,T,A,I,L,P,E,A,L,V,V,K,F,N,F,K,Q,L,L,V,V,H,I,R,D,P,F,D,G,K,T,C,G,I,C,G,N,Y,N,Q,D,F,S,D,D,S,F,D,A,E,G,A,C,D,L,T,P,N,P,P,G,C,T,E,E,Q,K,P,E,A,E,R,L,C,N,S,L,F,A,G,Q,S,D,L,D,Q,K,C,N,V,C,H,K,P,D,R,V,E,R,C,M,Y,E,Y,C,L,R,G,Q,Q,G,F,C,D,H,A,W,E,F,K,K,E,C,Y,I,K,H,G,D,T,L,E,V,P,D,E,C,K,459
Mutation_18__Lmax461,M,K,T,L,I,L,A,V,A,L,V,Y,C,A,T,V,H,C,Q,D,C,P,Y,E,P,D,P,P,N,T,V,P,T,S,C,E,A,K,E,G,E,C,I,D,S,S,C,G,T,C,T,R,D,I,L,S,D,G,L,C,E,N,K,P,G,K,T,C,C,R,M,C,Q,Y,V,I,E,C,R,V,E,A,A,G,W,F,R,T,F,Y,G,K,R,F,Q,F,Q,E,P,G,T,Y,V,L,G,Q,G,T,K,G,G,D,W,K,V,S,I,T,L,E,N,L,D,G,T,K,G,A,V,L,T,K,T,R,L,E,V,A,G,D,I,I,D,I,A,Q,A,T,E,N,P,I,T,V,N,G,G,A,D,P,I,I,A,N,P,Y,T,I,G,E,V,T,I,A,V,V,E,M,P,G,F,N,I,T,V,I,E,F,F,K,L,I,V,I,D,I,L,G,G,R,S,V,R,I,A,P,D,T,A,N,K,G,M,I,S,G,L,C,G,D,L,K,M,M,E,D,T,D,F,T,S,D,P,E,Q,L,A,I,Q,P,K,I,N,Q,E,F,D,G,C,P,L,Y,G,N,P,D,D,V,A,Y,C,K,G,L,L,E,P,Y,K,D,S,C,R,N,P,I,N,F,Y,Y,Y,T,I,S,C,A,F,A,R,C,M,G,G,D,E,R,A,S,H,V,L,L,D,Y,R,E,T,C,A,A,P,E,T,R,G,T,C,V,L,S,G,H,T,F,Y,D,T,F,D,K,A,R,Y,Q,F,Q,G,P,C,K,E,I,L,M,A,A,D,C,F,W,N,T,W,D,V,K,V,S,H,R,N,V,D,S,Y,T,E,V,E,K,V,R,I,R,K,Q,S,T,V,V,E,L,I,V,D,G,K,Q,I,L,V,G,G,E,A,V,S,I,P,Y,S,S,Q,G,I,S,I,Y,W,Q,D,G,D,I,L,T,T,A,I,L,P,E,A,L,V,V,K,F,N,F,K,Q,L,L,V,V,H,I,R,D,P,F,D,G,K,T,C,G,I,C,G,N,Y,N,Q,D,F,S,D,D,S,F,D,A,E,G,A,C,D,L,T,P,N,P,P,G,C,T,E,E,Q,K,P,E,A,E,R,L,C,N,S,L,F,A,G,Q,S,D,L,D,Q,K,C,N,V,C,H,K,P,D,R,V,E,R,C,M,Y,E,Y,C,L,R,G,Q,Q,G,F,C,D,H,A,W,E,F,K,K,E,C,Y,I,K,H,G,D,T,L,E,V,P,D,E,C,K,461
Mutation_19__Lmax462,M,K,T,L,I,L,A,V,A,L,V,Y,C,A,T,V,H,C,Q,D,C,P,Y,E,P,D,P,P,N,T,V,P,T,S,C,E,A,K,E,G,E,C,I,D,S,S,C,G,T,C,T,R,D,I,L,S,D,G,L,C,E,N,K,P,G,K,T,C,C,R,M,C,Q,Y,V,I,E,C,R,V,E,A,A,G,W,F,R,T,F,Y,G,K,R,F,Q,F,Q,E,P,G,T,Y,V,L,G,Q,G,T,K,G,G,D,W,K,V,S,I,T,L,E,N,L,D,G,T,K,G,A,V,L,T,K,T,R,L,E,V,A,G,D,I,I,D,I,A,Q,A,T,E,N,P,I,T,V,N,G,G,A,D,P,I,I,A,N,P,Y,T,I,G,E,V,T,I,A,V,V,E,M,P,G,F,N,I,T,V,I,E,F,F,K,L,I,V,I,D,I,L,G,G,R,S,V,R,I,A,P,D,T,A,N,K,G,M,I,S,G,L,C,G,D,L,K,M,M,E,D,T,D,F,T,S,D,P,E,Q,L,A,I,Q,P,K,I,N,Q,E,F,D,G,C,P,L,Y,G,N,P,D,D,V,A,Y,C,K,G,L,L,E,P,Y,K,D,S,C,R,N,P,I,N,F,Y,Y,Y,T,I,S,C,A,F,A,R,C,M,G,G,D,E,R,A,S,H,V,L,L,D,Y,R,E,T,C,A,A,P,E,T,R,G,T,C,V,L,S,G,H,T,F,Y,D,T,F,D,K,A,R,Y,Q,F,Q,G,P,C,K,E,I,L,M,A,A,D,C,F,W,N,T,W,D,V,K,V,S,H,R,N,V,D,S,Y,T,E,V,E,K,V,R,I,R,K,Q,S,T,V,V,E,L,I,V,D,G,K,Q,I,L,V,G,G,E,A,V,S,I,P,Y,S,S,P,G,I,S,I,Y,W,Q,D,G,D,I,L,T,T,A,I,L,P,E,A,L,V,V,K,F,N,F,K,Q,L,L,V,V,H,I,R,D,P,F,D,G,K,T,C,G,I,C,G,N,Y,N,Q,D,F,S,D,D,S,F,D,A,E,G,A,C,D,L,T,P,N,P,P,G,C,T,E,E,Q,K,P,E,A,E,R,L,C,N,S,L,F,A,G,Q,S,D,L,D,Q,K,C,N,V,C,H,K,P,D,R,V,E,R,C,M,Y,E,Y,C,L,R,G,Q,Q,G,F,C,D,H,A,W,E,F,K,K,E,C,Y,I,K,H,G,D,T,L,E,V,P,D,E,C,K,462
Mutation_20__Lmax462,M,K,T,L,I,L,A,V,A,L,V,Y,C,A,T,V,H,C,Q,D,C,P,Y,E,P,D,P,P,N,T,V,P,T,S,C,E,A,K,E,G,E,C,I,D,S,S,C,G,T,C,T,R,D,I,L,S,D,G,L,C,E,N,K,P,G,K,T,C,C,R,M,C,Q,Y,V,I,E,C,R,V,E,A,A,G,W,F,R,T,F,Y,G,K,R,F,Q,F,Q,E,P,G,T,Y,V,L,G,Q,G,T,K,G,G,D,W,K,V,S,I,T,L,E,N,L,D,G,T,K,G,A,V,L,T,K,T,R,L,E,V,A,G,D,I,I,D,I,A,Q,A,T,E,N,P,I,T,V,N,G,G,A,D,P,I,I,A,N,P,Y,T,I,G,E,V,T,I,A,V,V,E,M,P,G,F,N,I,T,V,I,E,F,F,K,L,I,V,I,D,I,L,G,G,R,S,V,R,I,A,P,D,T,A,N,K,G,M,I,S,G,L,C,G,D,L,K,M,M,E,D,T,D,F,T,S,D,P,E,Q,L,A,I,Q,P,K,I,N,Q,E,F,D,G,C,P,L,Y,G,N,P,D,D,V,A,Y,C,K,G,L,L,E,P,Y,K,D,S,C,R,N,P,I,N,F,Y,Y,Y,T,I,S,C,A,F,A,R,C,M,G,G,D,E,R,A,S,H,V,L,L,D,Y,R,E,T,C,A,A,P,E,T,R,G,T,C,V,L,S,G,H,T,F,Y,D,T,F,D,K,A,R,Y,Q,F,Q,G,P,C,K,E,I,L,M,A,A,D,C,F,W,N,T,W,D,V,K,V,S,H,R,N,V,D,S,Y,T,E,V,E,K,V,R,I,R,K,Q,S,T,V,V,E,L,I,V,D,G,K,Q,I,L,V,G,G,E,A,V,S,I,P,Y,S,S,P,G,M,S,I,Y,W,Q,D,G,D,I,L,T,T,A,I,L,P,E,A,L,V,V,K,F,N,F,K,Q,L,L,V,V,H,I,R,D,P,F,D,G,K,T,C,G,I,C,G,N,Y,N,Q,D,F,S,D,D,S,F,D,A,E,G,A,C,D,L,T,P,N,P,P,G,C,T,E,E,Q,K,P,E,A,E,R,L,C,N,S,L,F,A,G,Q,S,D,L,D,Q,K,C,N,V,C,H,K,P,D,R,V,E,R,C,M,Y,E,Y,C,L,R,G,Q,Q,G,F,C,D,H,A,W,E,F,K,K,E,C,Y,I,K,H,G,D,T,L,E,V,P,D,E,C,K,462
Mutation_21__Lmax460,M,K,T,L,I,L,A,V,A,L,V,Y,C,A,T,V,H,C,Q,D,C,P,Y,E,P,D,P,P,N,T,V,P,T,S,C,E,A,K,E,G,E,C,I,D,S,S,C,G,T,C,T,R,D,I,L,S,D,G,L,C,E,N,K,P,G,K,T,C,C,R,M,C,Q,Y,V,I,E,C,R,V,E,A,A,G,W,F,R,T,F,Y,G,K,R,F,Q,F,Q,E,P,G,T,Y,V,L,G,Q,G,T,K,G,G,D,W,K,V,S,I,T,L,E,N,L,D,G,T,K,G,A,V,L,T,K,T,R,L,E,V,A,G,D,I,I,D,I,A,Q,A,T,E,N,P,I,T,V,N,G,G,A,D,P,I,I,A,N,P,Y,T,I,G,E,V,T,I,A,V,V,E,M,P,G,F,N,I,T,V,I,E,F,F,K,L,I,V,I,D,I,L,G,G,R,S,V,R,I,A,P,D,T,A,N,K,G,M,I,S,G,L,C,G,D,L,K,M,M,E,D,T,D,F,T,S,D,P,E,Q,L,A,I,Q,P,K,I,N,Q,E,F,D,G,C,P,L,Y,G,N,P,D,D,V,A,Y,C,K,G,L,L,E,P,Y,K,D,S,C,R,N,P,I,N,F,Y,Y,Y,T,I,S,C,A,F,A,R,C,M,G,G,D,E,R,A,S,H,V,L,L,D,Y,R,E,T,C,A,A,P,E,T,R,G,T,C,V,L,S,G,H,T,F,Y,D,T,F,D,K,A,R,Y,Q,F,Q,G,P,C,K,E,I,L,M,A,A,D,C,F,W,N,T,W,D,V,K,V,S,H,R,N,V,D,S,Y,T,E,V,E,K,V,R,I,R,K,Q,S,T,V,V,E,L,I,V,D,G,K,Q,I,L,V,G,G,E,A,V,S,I,P,Y,S,S,P,G,M,L,A,Y,W,Q,D,G,D,I,L,T,T,A,I,L,P,E,A,L,V,V,K,F,N,F,K,Q,L,L,V,V,H,I,R,D,P,F,D,G,K,T,C,G,I,C,G,N,Y,N,Q,D,F,S,D,D,S,F,D,A,E,G,A,C,D,L,T,P,N,P,P,G,C,T,E,E,Q,K,P,E,A,E,R,L,C,N,S,L,F,A,G,Q,S,D,L,D,Q,K,C,N,V,C,H,K,P,D,R,V,E,R,C,M,Y,E,Y,C,L,R,G,Q,Q,G,F,C,D,H,A,W,E,F,K,K,E,C,Y,I,K,H,G,D,T,L,E,V,P,D,E,C,K,460
Mutation_22__Lmax461,M,K,T,L,I,L,A,V,A,L,V,Y,C,A,T,V,H,C,Q,D,C,P,Y,E,P,D,P,P,N,T,V,P,T,S,C,E,A,K,E,G,E,C,I,D,S,S,C,G,T,C,T,R,D,I,L,S,D,G,L,C,E,N,K,P,G,K,T,C,C,R,M,C,Q,Y,V,I,E,C,R,V,E,A,A,G,W,F,R,T,F,Y,G,K,R,F,Q,F,Q,E,P,G,T,Y,V,L,G,Q,G,T,K,G,G,D,W,K,V,S,I,T,L,E,N,L,D,G,T,K,G,A,V,L,T,K,T,R,L,E,V,A,G,D,I,I,D,I,A,Q,A,T,E,N,P,I,T,V,N,G,G,A,D,P,I,I,A,N,P,Y,K,I,G,E,V,T,I,A,V,V,E,M,P,G,F,N,I,T,V,I,E,F,F,K,L,I,V,I,D,I,L,G,G,R,S,V,R,I,A,P,D,T,A,N,K,G,M,I,S,G,L,C,G,D,L,K,M,M,E,D,T,D,F,T,S,D,P,E,Q,L,A,I,Q,P,K,I,N,Q,E,F,D,G,C,P,L,Y,G,N,P,D,D,V,A,Y,C,K,G,L,L,E,P,Y,K,D,S,C,R,N,P,I,N,F,Y,Y,Y,T,I,S,C,A,F,A,R,C,M,G,G,D,E,R,A,S,H,V,L,L,D,Y,R,E,T,C,A,A,P,E,T,R,G,T,C,V,L,S,G,H,T,F,Y,D,T,F,D,K,A,R,Y,Q,F,Q,G,P,C,K,E,I,L,M,A,A,D,C,F,W,N,T,W,D,V,K,V,S,H,R,N,V,D,S,Y,T,E,V,E,K,V,R,I,R,K,Q,S,T,V,V,E,L,I,V,D,G,K,Q,I,L,V,G,G,E,A,V,S,I,P,Y,S,S,P,G,M,L,A,Y,W,Q,D,G,D,I,L,T,T,A,I,L,P,E,A,L,V,V,K,F,N,F,K,Q,L,L,V,V,H,I,R,D,P,F,D,G,K,T,C,G,I,C,G,N,Y,N,Q,D,F,S,D,D,S,F,D,A,E,G,A,C,D,L,T,P,N,P,P,G,C,T,E,E,Q,K,P,E,A,E,R,L,C,N,S,L,F,A,G,Q,S,D,L,D,Q,K,C,N,V,C,H,K,P,D,R,V,E,R,C,M,Y,E,Y,C,L,R,G,Q,Q,G,F,C,D,H,A,W,E,F,K,K,E,C,Y,I,K,H,G,D,T,L,E,V,P,D,E,C,K,461
Mutation_23__Lmax460,M,K,T,L,I,L,A,V,A,L,V,Y,C,A,T,V,H,C,Q,D,C,P,Y,E,P,D,P,P,N,T,V,P,T,S,C,E,A,K,E,G,E,C,I,D,S,S,C,G,T,C,T,R,D,I,L,S,D,G,L,C,E,N,K,P,G,K,T,C,C,R,M,C,Q,Y,V,I,E,C,R,V,E,A,A,G,W,F,R,T,F,Y,G,K,R,F,Q,F,Q,E,P,G,T,Y,V,L,G,Q,G,T,K,G,G,D,W,K,V,S,I,T,L,E,N,L,D,G,T,K,G,A,V,L,T,K,T,R,L,E,V,A,G,D,I,I,D,I,A,Q,A,T,E,N,P,I,T,V,N,G,G,A,D,P,I,I,A,N,P,Y,T,I,G,E,V,T,I,A,V,V,E,M,P,G,F,N,I,T,V,I,E,F,F,K,L,I,V,I,D,I,L,G,G,R,S,V,R,I,A,P,D,T,A,N,K,G,M,I,S,G,L,C,G,D,L,K,M,M,E,D,T,D,F,T,S,D,P,E,Q,L,A,I,Q,P,K,I,N,Q,E,F,D,G,C,P,L,Y,G,N,P,D,D,V,A,Y,C,K,G,L,L,E,P,Y,K,D,S,C,R,N,P,I,N,F,Y,Y,Y,T,I,S,C,A,F,A,R,C,M,G,G,D,E,R,A,S,H,V,L,L,D,Y,R,E,T,C,A,A,P,E,T,R,G,T,C,V,L,S,G,H,T,F,Y,D,T,F,D,K,A,R,Y,Q,F,Q,G,P,C,K,E,I,L,M,A,A,D,C,F,W,N,T,W,D,V,K,V,S,H,R,N,V,D,S,Y,T,E,V,E,K,V,R,I,R,R,Q,S,T,V,V,E,L,I,V,D,G,K,Q,I,L,V,G,G,E,A,V,S,I,P,Y,S,S,P,G,M,L,A,Y,W,Q,D,G,D,I,L,T,T,A,I,L,P,E,A,L,V,V,K,F,N,F,K,Q,L,L,V,V,H,I,R,D,P,F,D,G,K,T,C,G,I,C,G,N,Y,N,Q,D,F,S,D,D,S,F,D,A,E,G,A,C,D,L,T,P,N,P,P,G,C,T,E,E,Q,K,P,E,A,E,R,L,C,N,S,L,F,A,G,Q,S,D,L,D,Q,K,C,N,V,C,H,K,P,D,R,V,E,R,C,M,Y,E,Y,C,L,R,G,Q,Q,G,F,C,D,H,A,W,E,F,K,K,E,C,Y,I,K,H,G,D,T,L,E,V,P,D,E,C,K,460
Mutation_24__Lmax461,M,K,T,L,I,L,A,V,A,L,V,Y,C,A,T,V,H,C,Q,D,C,P,Y,E,P,D,P,P,N,T,V,P,T,S,C,E,A,K,E,G,E,C,I,D,S,S,C,G,T,C,T,R,D,I,L,S,D,G,L,C,E,N,K,P,G,K,T,C,C,R,M,C,Q,Y,V,I,E,C,R,V,E,A,A,G,W,F,R,T,F,Y,G,K,R,F,Q,F,Q,E,P,G,T,Y,V,L,G,Q,G,T,K,G,G,D,W,K,V,S,I,T,L,E,N,L,D,G,T,K,G,A,V,L,T,K,T,R,L,E,V,A,G,D,I,I,D,I,A,Q,A,T,E,N,P,I,T,V,N,G,G,A,D,P,I,I,A,N,P,Y,K,I,G,E,V,T,I,A,V,V,E,M,P,G,F,N,I,T,V,I,E,F,F,K,L,I,V,I,D,I,L,G,G,R,S,V,R,I,A,P,D,T,A,N,K,G,M,I,S,G,L,C,G,D,L,K,M,M,E,D,T,D,F,T,S,D,P,E,Q,L,A,I,Q,P,K,I,N,Q,E,F,D,G,C,P,L,Y,G,N,P,D,D,V,A,Y,C,K,G,L,L,E,P,Y,K,D,S,C,R,N,P,I,N,F,Y,Y,Y,T,I,S,C,A,F,A,R,C,M,G,G,D,E,R,A,S,H,V,L,L,D,Y,R,E,T,C,A,A,P,E,T,R,G,T,C,V,L,S,G,H,T,F,Y,D,T,F,D,K,A,R,Y,Q,F,Q,G,P,C,K,E,I,L,M,A,A,D,C,F,W,N,T,W,D,V,K,V,S,H,R,N,V,D,S,Y,T,E,V,E,K,V,R,I,R,R,Q,S,T,V,V,E,L,I,V,D,G,K,Q,I,L,V,G,G,E,A,V,S,I,P,Y,S,S,P,G,M,L,A,Y,W,Q,D,G,D,I,L,T,T,A,I,L,P,E,A,L,V,V,K,F,N,F,K,Q,L,L,V,V,H,I,R,D,P,F,D,G,K,T,C,G,I,C,G,N,Y,N,Q,D,F,S,D,D,S,F,D,A,E,G,A,C,D,L,T,P,N,P,P,G,C,T,E,E,Q,K,P,E,A,E,R,L,C,N,S,L,F,A,G,Q,S,D,L,D,Q,K,C,N,V,C,H,K,P,D,R,V,E,R,C,M,Y,E,Y,C,L,R,G,Q,Q,G,F,C,D,H,A,W,E,F,K,K,E,C,Y,I,K,H,G,D,T,L,E,V,P,D,E,C,K,461
Mutation_25__Lmax462,M,K,T,L,I,L,A,V,A,L,V,Y,C,A,T,V,H,C,Q,D,C,P,Y,E,P,D,P,P,N,T,V,P,T,S,C,E,A,K,E,G,E,C,I,D,S,S,C,G,T,C,T,R,D,I,L,S,D,G,L,C,E,N,K,P,G,K,T,C,C,R,M,C,Q,Y,V,I,E,C,R,V,E,A,A,G,W,F,R,T,F,Y,G,K,R,F,Q,F,Q,E,P,G,T,Y,V,L,G,Q,G,T,K,G,G,D,W,K,V,S,I,T,L,E,N,L,D,G,T,K,G,A,V,L,T,K,T,R,L,E,V,A,G,D,I,I,D,I,A,Q,A,T,E,N,P,I,T,V,N,G,G,A,D,P,I,I,A,N,P,Y,T,I,G,E,V,T,I,A,V,V,E,M,P,G,F,N,I,T,V,I,E,F,F,K,L,I,V,I,D,I,L,G,G,R,S,V,R,I,A,P,D,T,A,N,K,G,M,I,S,G,L,C,G,D,L,K,M,M,E,D,T,D,F,T,S,D,P,E,Q,L,A,I,Q,P,K,I,N,Q,E,F,D,G,C,P,L,Y,G,N,P,D,D,V,A,Y,C,K,G,L,L,E,P,Y,K,D,S,C,R,N,P,N,N,F,Y,Y,Y,T,I,S,C,A,F,A,R,C,M,G,G,D,E,R,A,S,H,V,L,L,D,Y,R,E,T,C,A,A,P,E,T,R,G,T,C,V,L,S,G,H,T,F,Y,D,T,F,D,K,A,R,Y,Q,F,Q,G,P,C,K,E,I,L,M,A,A,D,C,F,W,N,T,W,D,V,K,V,S,H,R,N,V,D,S,Y,T,E,V,E,K,V,R,I,R,K,Q,S,T,V,V,E,L,I,V,D,G,K,Q,I,L,V,G,G,E,A,V,S,I,P,Y,S,S,P,G,M,S,I,Y,W,Q,D,G,D,I,L,T,T,A,I,L,P,E,A,L,V,V,K,F,N,F,K,Q,L,L,V,V,H,I,R,D,P,F,D,G,K,T,C,G,I,C,G,N,Y,N,Q,D,F,S,D,D,S,F,D,A,E,G,A,C,D,L,T,P,N,P,P,G,C,T,E,E,Q,K,P,E,A,E,R,L,C,N,S,L,F,A,G,Q,S,D,L,D,Q,K,C,N,V,C,H,K,P,D,R,V,E,R,C,M,Y,E,Y,C,L,R,G,Q,Q,G,F,C,D,H,A,W,E,F,K,K,E,C,Y,I,K,H,G,D,T,L,E,V,P,D,E,C,K,462
Mutation_26__Lmax462,M,K,T,L,I,L,A,V,A,L,V,Y,C,A,T,V,H,C,Q,D,C,P,Y,E,P,D,P,P,N,T,V,P,T,S,C,E,A,K,E,G,E,C,I,D,S,S,C,G,T,C,T,R,D,I,L,S,D,G,L,C,E,N,K,P,G,K,T,C,C,R,M,C,Q,Y,V,I,E,C,R,V,E,A,A,G,W,F,R,T,F,Y,G,K,R,F,Q,F,Q,E,P,G,T,Y,V,L,G,Q,G,T,K,G,G,D,W,K,V,S,I,T,L,E,N,L,D,G,T,K,G,A,V,L,T,K,T,R,L,E,V,A,G,D,I,I,D,I,A,Q,A,T,E,N,P,I,T,V,N,G,G,A,D,P,I,I,A,N,P,Y,T,I,G,E,V,T,I,A,V,V,E,M,P,G,F,N,I,T,V,I,E,F,F,K,L,I,V,I,D,I,L,G,G,R,S,V,R,I,A,P,D,T,A,N,K,G,M,I,S,G,L,C,G,D,L,K,M,M,E,D,T,D,F,T,S,D,P,E,Q,L,A,I,Q,P,K,I,N,Q,E,F,D,G,C,P,L,Y,G,N,P,D,D,V,A,Y,C,K,G,L,L,E,P,Y,K,D,S,C,R,N,P,I,N,F,Y,D,Y,T,I,S,C,A,F,A,R,C,M,G,G,D,E,R,A,S,H,V,L,L,D,Y,R,E,T,C,A,A,P,E,T,R,G,T,C,V,L,S,G,H,T,F,Y,D,T,F,D,K,A,R,Y,Q,F,Q,G,P,C,K,E,I,L,M,A,A,D,C,F,W,N,T,W,D,V,K,V,S,H,R,N,V,D,S,Y,T,E,V,E,K,V,L,I,R,K,Q,S,T,V,V,E,L,I,V,D,G,K,Q,I,L,V,G,G,E,A,V,S,I,P,Y,S,S,P,G,M,S,I,Y,W,Q,D,G,D,I,L,T,T,A,I,L,P,E,A,L,V,V,K,F,N,F,K,Q,L,L,V,V,H,I,R,D,P,F,D,G,K,T,C,G,I,C,G,N,Y,N,Q,D,F,S,D,D,S,F,D,A,E,G,A,C,D,L,T,P,N,P,P,G,C,T,E,E,Q,K,P,E,A,E,R,L,C,N,S,L,F,A,G,Q,S,D,L,D,Q,K,C,N,V,C,H,K,P,D,R,V,E,R,C,M,Y,E,Y,C,L,R,G,Q,Q,G,F,C,D,H,A,W,E,F,K,K,E,C,Y,I,K,H,G,D,T,L,E,V,P,D,E,C,K,462
Mutation_27__Lmax463,M,K,T,L,I,L,A,V,A,L,V,Y,C,A,T,V,H,C,Q,D,C,P,Y,E,P,D,P,P,N,T,V,P,T,S,C,E,A,K,E,G,E,C,I,D,S,S,C,G,T,C,T,R,D,I,L,S,D,G,L,C,E,N,K,P,G,K,T,C,C,R,M,C,Q,Y,V,I,E,C,R,V,E,A,A,G,W,F,R,T,F,Y,G,K,R,F,Q,F,Q,E,P,G,T,Y,V,L,G,Q,G,T,K,G,G,D,W,K,V,S,I,T,L,E,N,L,D,G,T,K,G,A,V,L,T,K,T,R,L,E,V,A,G,D,I,I,D,I,A,Q,A,T,E,N,P,I,T,V,N,G,G,A,D,P,I,I,A,N,P,Y,T,I,G,E,V,T,I,A,V,V,E,M,P,G,F,N,I,T,V,I,E,F,F,K,L,I,V,I,D,I,L,G,G,R,S,V,R,I,A,P,D,T,A,N,K,G,M,I,S,G,L,C,G,D,L,K,M,M,E,D,T,D,F,T,S,D,P,E,Q,L,A,I,Q,P,K,I,N,Q,E,F,D,G,C,P,L,Y,G,N,P,D,D,A,A,Y,C,K,G,L,L,E,P,Y,K,D,S,C,R,N,P,I,N,F,Y,D,Y,T,I,S,C,A,F,A,R,C,M,G,G,D,E,R,A,S,H,V,L,L,D,Y,R,E,T,C,A,A,P,E,T,R,G,T,C,V,L,S,G,H,T,F,Y,D,T,F,D,K,A,R,Y,Q,F,Q,G,P,C,K,E,I,L,M,A,A,D,C,F,W,N,T,W,D,V,K,V,S,H,R,N,V,D,S,Y,T,E,V,E,K,V,L,I,R,K,Q,S,T,V,V,E,L,I,V,D,G,K,Q,I,L,V,G,G,E,A,V,S,I,P,Y,S,S,P,G,M,S,I,Y,W,Q,D,G,D,I,L,T,T,A,I,L,P,E,A,L,V,V,K,F,N,F,K,Q,L,L,V,V,H,I,R,D,P,F,D,G,K,T,C,G,I,C,G,N,Y,N,Q,D,F,S,D,D,S,F,D,A,E,G,A,C,D,L,T,P,N,P,P,G,C,T,V,E,Q,K,P,E,A,E,R,L,C,N,S,L,F,A,G,Q,S,D,L,D,Q,K,C,N,V,C,H,K,P,D,R,V,E,R,C,M,Y,E,Y,C,L,R,G,Q,Q,G,F,C,D,H,A,W,E,F,K,K,E,C,Y,I,K,H,G,D,T,L,E,V,P,D,E,C,K,463
Mutation_28__Lmax464,M,K,T,L,I,L,A,V,A,L,V,Y,C,A,T,V,H,C,Q,D,C,P,Y,E,P,D,P,P,N,T,V,P,T,S,C,E,A,K,E,G,E,C,I,D,S,S,C,G,T,C,T,R,D,I,L,S,D,G,L,C,E,N,K,P,G,K,T,C,C,R,M,C,Q,Y,V,I,E,C,R,V,E,A,A,G,W,F,S,T,F,Y,G,K,R,F,Q,F,Q,E,P,G,T,Y,V,L,G,Q,G,T,K,G,G,D,W,K,V,S,I,T,L,E,N,L,D,G,T,K,G,A,V,L,T,K,T,R,L,E,V,A,G,D,I,I,D,I,A,Q,A,T,E,N,P,I,T,V,N,G,G,A,D,P,I,I,A,N,P,Y,T,I,G,E,V,T,I,A,V,V,E,M,P,G,F,N,I,T,V,I,E,F,F,K,L,I,V,I,D,I,L,G,G,R,S,V,R,I,A,P,D,T,A,N,K,G,M,I,S,G,L,C,G,D,L,K,M,M,E,D,T,D,F,T,S,D,P,E,Q,L,A,I,Q,P,K,I,N,Q,E,F,D,G,C,P,L,Y,G,N,P,D,D,V,A,Y,C,K,G,L,L,E,P,Y,K,D,S,C,R,N,P,I,N,F,Y,D,Y,T,I,S,C,A,F,A,R,C,M,G,G,D,E,R,A,S,H,V,L,L,D,Y,R,E,T,C,A,A,P,E,T,R,G,T,C,V,L,S,G,H,T,F,Y,D,T,F,D,K,A,R,Y,Q,F,Q,G,P,C,K,E,I,L,M,A,A,D,C,F,W,N,T,W,D,V,K,V,S,H,R,N,V,D,S,Y,T,E,V,E,K,V,L,I,R,K,Q,S,T,V,V,E,L,I,V,D,G,K,Q,I,L,V,G,G,E,A,V,S,I,P,Y,S,S,P,G,M,S,I,Y,W,Q,D,G,D,I,L,T,T,A,I,L,P,E,A,L,V,V,K,F,N,F,K,Q,L,L,V,V,H,I,R,D,P,F,D,G,K,T,C,G,I,C,G,N,Y,N,Q,D,F,S,D,D,S,F,D,A,E,G,A,C,D,L,T,P,N,P,P,G,C,T,E,E,Q,K,P,E,A,E,R,L,C,N,S,L,F,A,G,Q,S,D,L,D,Q,K,C,N,V,C,H,K,P,D,R,V,E,R,C,M,Y,E,Y,C,L,R,G,Q,Q,G,F,C,D,H,A,W,E,F,K,K,E,C,Y,I,K,H,G,D,T,L,E,V,P,D,E,C,K,464
Mutation_29__Lmax462,M,K,T,L,I,L,A,V,A,L,V,Y,C,A,T,V,H,C,Q,D,C,P,Y,E,P,D,P,P,N,T,V,P,T,S,C,E,A,R,E,G,E,C,I,D,S,S,C,G,T,C,T,R,D,I,L,S,D,G,L,C,E,N,K,P,G,K,T,C,C,R,M,C,Q,Y,V,I,E,C,S,V,E,A,A,G,W,F,R,T,F,Y,G,K,R,F,Q,F,Q,E,P,G,T,Y,V,L,G,Q,G,T,K,G,G,D,W,K,V,S,I,T,L,E,N,L,D,G,T,K,G,A,V,L,T,K,T,R,L,E,V,A,G,D,I,I,D,I,A,Q,A,T,E,N,P,I,T,V,N,G,G,A,D,P,I,I,A,N,P,Y,T,I,G,E,V,T,I,A,V,V,E,M,P,G,F,N,I,T,V,I,E,F,F,K,L,I,V,I,D,I,L,G,G,R,S,V,R,I,A,P,D,T,A,N,K,G,M,I,S,G,L,C,G,D,L,K,M,M,E,D,T,D,F,T,S,D,P,E,Q,L,A,I,Q,P,K,I,N,Q,E,F,D,G,C,P,L,Y,G,N,P,D,D,V,A,Y,C,K,G,L,L,E,P,Y,K,D,S,C,R,N,P,I,N,F,Y,D,Y,T,I,S,C,A,F,A,R,C,M,G,G,D,E,R,A,S,H,V,L,L,D,Y,R,E,T,C,A,A,P,E,T,R,G,T,C,V,L,S,G,H,T,F,Y,D,T,F,D,K,A,R,Y,Q,F,Q,G,P,C,K,E,I,L,M,A,A,D,C,F,W,N,T,W,D,V,K,V,S,H,R,N,V,D,S,Y,T,E,V,E,K,V,L,I,R,K,Q,S,T,V,V,E,L,I,V,D,G,K,Q,I,L,V,G,G,E,A,V,S,I,P,Y,S,S,P,G,M,S,I,Y,W,Q,D,G,D,I,L,T,T,A,I,L,P,E,A,L,V,V,K,F,N,F,K,Q,L,L,V,V,H,I,R,D,P,F,D,G,K,T,C,G,I,C,G,N,Y,N,Q,D,F,S,D,D,S,F,D,A,E,G,A,C,D,L,T,P,N,P,P,G,C,T,E,E,Q,K,P,E,A,E,R,L,C,N,S,L,F,A,G,Q,S,D,L,D,Q,K,C,N,V,C,H,K,P,D,R,V,E,R,C,M,Y,E,Y,C,L,R,G,Q,Q,G,F,C,D,H,A,W,E,F,K,K,E,C,Y,I,K,H,G,D,T,L,E,V,P,D,E,C,K,462
Mutation_30__Lmax464,M,K,T,L,I,L,A,V,A,L,V,Y,C,A,T,V,H,C,Q,D,C,P,Y,E,P,D,P,P,N,T,V,P,T,S,C,E,A,K,E,G,E,C,I,D,S,S,C,G,T,C,T,R,D,I,L,S,D,G,L,C,E,N,K,P,G,K,T,C,C,R,M,C,Q,Y,V,I,E,C,R,V,E,A,A,G,W,F,R,T,F,Y,G,K,R,F,Q,F,Q,E,P,G,T,Y,V,L,G,Q,G,T,K,G,G,D,W,K,V,S,I,T,L,E,N,L,D,G,T,K,G,A,V,L,T,K,T,R,L,E,V,A,G,D,I,I,D,I,A,Q,A,T,E,N,P,I,T,V,N,G,G,A,D,P,I,I,A,N,P,Y,T,I,G,E,V,T,I,A,V,V,E,M,P,G,F,N,I,T,V,I,E,F,F,K,Q,I,V,I,D,I,L,G,G,R,S,V,R,I,A,P,D,T,A,N,K,G,M,I,S,G,L,C,G,D,L,K,M,M,E,D,T,D,F,T,S,D,P,E,Q,L,A,I,Q,P,K,I,N,Q,E,F,D,G,C,P,L,Y,G,N,P,D,D,V,A,Y,C,K,G,L,L,E,P,Y,K,D,S,C,R,N,P,I,N,F,Y,D,Y,T,I,S,C,A,F,A,R,C,M,G,G,D,E,R,A,S,H,V,L,L,D,Y,R,E,T,C,A,A,P,E,T,R,G,T,C,V,L,S,G,H,T,F,Y,D,T,F,D,K,A,R,Y,Q,F,Q,G,P,C,K,E,I,L,M,A,A,D,C,F,W,N,T,W,D,V,K,V,S,H,R,N,V,D,S,Y,T,E,V,E,K,V,L,I,R,K,Q,S,T,V,V,E,L,I,V,D,G,K,Q,I,L,V,G,G,E,A,V,S,I,P,Y,S,S,P,G,M,S,I,Y,W,Q,D,G,D,I,L,T,T,A,I,L,P,E,A,L,V,V,K,F,N,F,K,Q,L,L,V,V,H,I,R,D,P,F,D,G,K,T,C,G,I,C,G,N,Y,N,Q,D,F,S,D,D,S,F,D,A,E,G,A,C,D,L,T,P,N,P,P,G,C,T,E,E,Q,K,P,E,A,E,R,L,C,N,S,L,F,A,G,Q,S,D,L,D,Q,K,C,N,V,C,H,K,P,D,R,V,E,R,C,M,Y,E,Y,C,L,R,G,Q,Q,G,F,C,D,H,A,W,E,F,K,K,E,C,Y,I,K,H,G,D,T,L,E,V,P,D,E,C,K,464
Mutation_31__Lmax465,M,K,T,L,I,L,A,V,A,L,V,Y,C,A,T,V,H,C,Q,D,C,P,Y,E,P,D,P,P,N,T,V,P,T,S,C,E,A,K,E,G,E,C,I,D,S,S,C,G,T,C,T,R,D,I,L,S,D,G,L,C,E,N,K,P,G,K,T,C,C,R,M,C,Q,Y,E,I,E,C,R,V,E,A,A,G,W,F,R,T,F,Y,G,K,R,F,Q,F,Q,E,P,G,T,Y,V,L,G,Q,G,T,K,G,G,D,W,K,V,S,I,T,L,E,N,L,D,G,T,E,G,A,V,L,T,K,T,R,L,E,V,A,G,D,I,I,D,I,A,Q,A,T,E,N,P,I,T,V,N,G,G,A,D,P,I,I,A,N,P,Y,T,I,G,E,V,T,I,A,V,V,E,M,P,G,F,N,I,T,V,I,E,F,F,K,L,I,V,I,D,I,L,G,G,R,S,V,R,I,A,P,D,T,A,N,K,G,M,I,S,G,L,C,G,D,L,K,I,M,E,D,T,D,F,T,S,D,P,E,Q,L,A,I,Q,P,K,I,N,Q,E,F,D,G,C,P,L,Y,G,N,P,D,D,V,A,Y,C,K,G,L,L,E,P,Y,K,D,S,C,R,N,P,I,N,F,Y,D,Y,T,I,S,C,A,F,A,R,C,M,G,G,D,E,R,A,S,H,V,L,L,D,Y,R,E,T,C,A,A,P,E,T,R,G,T,C,V,L,S,G,H,T,F,Y,D,T,F,D,K,A,R,Y,Q,F,Q,G,P,C,K,E,I,L,M,A,A,D,C,F,W,N,T,W,D,V,K,V,S,H,R,N,V,D,S,Y,T,E,V,E,K,V,L,I,R,K,Q,S,T,V,V,E,L,I,V,D,G,K,Q,I,L,V,G,G,E,A,V,S,I,P,Y,S,S,P,G,M,S,I,Y,W,Q,D,G,D,I,L,T,T,A,I,L,P,E,A,L,V,V,K,F,N,F,K,Q,L,L,V,V,H,I,R,D,P,F,D,G,K,T,C,G,I,C,G,N,Y,N,Q,D,F,S,D,D,S,F,D,A,E,G,A,C,D,L,T,P,N,P,P,G,C,T,E,E,Q,K,P,E,A,E,R,L,C,N,S,L,F,A,G,Q,S,D,L,D,Q,K,C,N,V,C,H,K,P,D,R,V,E,R,C,M,Y,E,Y,C,L,R,G,Q,Q,G,F,C,D,H,A,W,E,F,K,K,E,C,Y,I,K,H,G,D,T,L,E,V,P,D,E,C,K,465
Mutation_32__Lmax463,M,K,T,L,I,L,A,V,A,L,V,Y,C,A,T,V,H,C,Q,D,C,P,Y,E,P,D,P,P,N,T,V,P,T,S,C,E,A,I,E,G,E,C,I,D,S,S,C,G,T,C,T,R,D,I,L,S,D,G,L,C,E,N,K,P,G,K,T,C,C,R,M,C,Q,Y,V,I,E,C,R,V,E,A,A,G,W,F,R,T,F,Y,G,K,R,F,Q,F,Q,E,P,G,T,Y,V,L,G,Q,G,T,K,G,G,D,W,K,V,S,I,T,L,E,N,L,D,G,T,K,G,A,V,L,T,K,T,R,L,E,V,A,G,D,I,I,D,I,A,Q,A,T,E,N,P,I,T,V,N,G,G,A,D,P,I,I,A,N,P,Y,T,I,G,E,V,T,I,A,V,V,E,M,P,G,F,N,I,T,V,I,E,F,F,K,L,I,V,I,D,I,L,G,G,R,S,V,R,I,A,P,D,T,A,N,K,G,M,I,S,G,L,C,G,D,L,K,M,M,E,D,T,D,F,T,S,D,P,E,Q,L,A,I,Q,P,K,I,N,Q,E,F,D,G,C,P,L,Y,G,N,P,D,D,V,A,Y,C,K,G,L,L,E,P,Y,K,D,S,C,R,N,P,I,N,F,Y,D,Y,T,I,S,C,A,F,A,R,C,M,G,G,D,E,R,A,S,H,V,L,L,D,Y,R,E,T,C,A,A,P,E,T,R,G,T,C,V,L,S,G,H,T,F,Y,D,T,F,D,K,A,R,Y,Q,F,Q,G,P,C,K,E,I,L,M,A,A,D,C,F,W,N,T,W,D,V,K,V,S,H,R,N,V,D,S,Y,T,E,V,E,K,V,L,I,R,K,Q,S,T,V,V,E,L,I,V,D,G,K,Q,I,L,V,G,G,E,A,V,S,I,P,Y,S,S,P,G,M,S,I,Y,W,Q,D,G,D,I,L,T,T,A,I,L,P,E,A,L,V,V,K,F,N,F,K,Q,L,L,V,V,H,I,R,D,P,F,D,G,K,T,C,G,I,C,G,N,Y,N,Q,D,F,S,D,D,S,F,D,A,E,G,A,C,D,L,T,P,N,P,P,G,C,T,E,E,Q,K,P,E,A,E,R,L,C,N,S,L,F,A,G,Q,S,D,L,D,Q,K,C,N,V,C,H,K,P,D,R,V,E,R,C,M,Y,E,Y,C,L,R,G,Q,Q,G,F,C,D,H,A,W,E,F,K,K,E,C,Y,I,K,H,G,D,T,L,E,V,P,D,E,C,K,463
Mutation_33__Lmax464,M,K,T,L,I,L,A,V,A,L,V,Y,C,A,T,V,H,C,Q,D,C,P,Y,E,P,D,P,P,N,T,V,P,T,S,C,E,A,K,E,G,E,C,I,D,G,S,C,G,T,C,T,R,D,I,L,S,D,G,L,C,E,N,K,P,G,K,T,C,C,R,M,C,Q,Y,V,I,E,C,R,V,E,A,A,G,W,F,R,T,F,Y,G,K,R,F,Q,F,Q,E,P,G,T,Y,V,L,G,Q,G,T,K,G,G,D,W,K,V,S,I,T,L,E,N,L,D,G,T,K,G,A,V,L,T,K,T,R,L,E,V,A,G,D,I,I,D,I,A,Q,A,T,E,N,P,I,T,V,N,G,G,A,D,P,I,I,A,N,P,Y,T,I,G,G,V,T,I,A,V,V,E,M,P,G,F,N,I,T,V,I,E,F,F,K,L,I,V,I,D,I,L,G,G,R,S,V,R,I,A,P,D,T,A,N,K,G,M,I,S,G,L,C,G,D,L,K,M,M,E,D,T,D,F,T,S,D,P,E,Q,L,A,I,Q,P,K,I,N,Q,E,F,D,G,C,P,L,Y,G,N,P,D,D,V,A,Y,C,K,G,L,L,E,P,Y,K,D,S,C,R,N,P,I,N,F,Y,D,Y,T,I,S,C,A,F,A,R,C,M,G,G,D,E,R,A,S,H,V,L,L,D,Y,R,E,T,C,A,A,P,E,T,R,G,T,C,V,L,S,G,H,T,F,Y,D,T,F,D,K,A,R,Y,Q,F,Q,G,P,C,K,E,I,L,M,A,A,D,C,F,W,N,T,W,D,V,K,V,S,H,R,N,V,D,S,Y,T,E,V,E,K,V,L,I,R,K,Q,S,T,V,V,E,L,I,V,D,G,K,Q,I,L,V,G,G,E,A,V,S,I,P,Y,S,S,P,G,M,S,I,Y,W,Q,D,G,D,I,L,T,T,A,I,L,P,E,A,L,V,V,K,F,N,F,K,Q,L,L,V,V,H,I,R,D,P,F,D,G,K,T,C,G,I,C,G,N,Y,N,Q,D,F,S,D,D,S,F,D,A,E,G,A,C,D,L,T,P,N,P,P,G,C,T,E,E,Q,K,P,E,A,E,R,L,C,N,S,L,F,A,G,Q,S,D,L,D,Q,K,C,N,V,C,H,K,P,D,R,V,E,R,C,M,Y,E,Y,C,L,R,G,Q,Q,G,F,C,D,H,A,W,E,F,K,K,E,C,Y,I,K,H,G,D,T,L,E,V,P,D,E,C,K,464
